timestamp,temperature,humidity,co2,missing,temp_avg,temp_std,temp_min,temp_max,alerts
2026-10-05 09:00:00,21.03,40.8,439.6,False,21.03,0.0,21.03,21.03,
2026-10-05 09:01:00,20.9,39.7,441.9,False,20.96,0.07,20.9,21.03,
2026-10-05 09:02:00,21.0,40.1,450.5,False,20.98,0.06,20.9,21.03,
2026-10-05 09:03:00,20.91,39.0,454.1,False,20.96,0.06,20.9,21.03,
2026-10-05 09:04:00,20.9,41.2,446.9,False,20.95,0.06,20.9,21.03,
2026-10-05 09:05:00,20.88,40.4,452.5,False,20.94,0.06,20.88,21.03,
2026-10-05 09:06:00,21.1,39.5,448.2,False,20.96,0.08,20.88,21.1,
2026-10-05 09:07:00,21.2,39.2,447.3,False,20.99,0.11,20.88,21.2,
2026-10-05 09:08:00,21.26,39.3,453.0,False,21.02,0.13,20.88,21.26,
2026-10-05 09:09:00,21.26,40.2,461.4,True,21.04,0.14,20.88,21.26,MISSING_VALUE
2026-10-05 09:10:00,21.26,38.5,466.6,False,21.07,0.16,20.88,21.26,
2026-10-05 09:11:00,21.17,41.5,462.2,False,21.09,0.15,20.88,21.26,
2026-10-05 09:12:00,20.98,40.2,457.6,False,21.09,0.15,20.88,21.26,
2026-10-05 09:13:00,21.06,39.5,453.3,False,21.11,0.14,20.88,21.26,
2026-10-05 09:14:00,20.93,39.1,441.7,False,21.11,0.14,20.88,21.26,
2026-10-05 09:15:00,21.01,40.2,438.2,False,21.12,0.12,20.93,21.26,
2026-10-05 09:16:00,21.05,39.6,432.8,False,21.12,0.12,20.93,21.26,
2026-10-05 09:17:00,21.09,40.0,429.8,False,21.11,0.12,20.93,21.26,
2026-10-05 09:18:00,21.15,39.6,430.9,False,21.1,0.11,20.93,21.26,
2026-10-05 09:19:00,20.99,39.0,419.5,False,21.07,0.1,20.93,21.26,
2026-10-05 09:20:00,20.95,39.6,435.6,False,21.04,0.08,20.93,21.17,
2026-10-05 09:21:00,20.94,39.7,427.5,False,21.01,0.07,20.93,21.15,
2026-10-05 09:22:00,20.99,39.4,432.1,False,21.02,0.07,20.93,21.15,
2026-10-05 09:23:00,20.94,40.0,436.3,False,21.0,0.07,20.93,21.15,
2026-10-05 09:24:00,20.84,40.2,439.4,False,21.0,0.08,20.84,21.15,
2026-10-05 09:25:00,20.89,38.8,455.1,False,20.98,0.09,20.84,21.15,
2026-10-05 09:26:00,28.86,40.6,440.8,False,21.76,2.37,20.84,28.86,"HIGH_TEMP, SPIKE"
2026-10-05 09:27:00,20.78,40.8,444.9,False,21.73,2.38,20.78,28.86,
2026-10-05 09:28:00,20.84,37.9,435.5,False,21.7,2.39,20.78,28.86,
2026-10-05 09:29:00,20.81,39.9,430.8,False,21.68,2.39,20.78,28.86,
2026-10-05 09:30:00,21.17,38.3,497.4,False,21.71,2.39,20.78,28.86,
2026-10-05 09:31:00,21.53,40.1,585.3,False,21.76,2.37,20.78,28.86,
2026-10-05 09:32:00,21.71,39.3,637.1,False,21.84,2.36,20.78,28.86,
2026-10-05 09:33:00,22.07,40.9,684.4,False,21.95,2.34,20.78,28.86,
2026-10-05 09:34:00,22.31,40.4,729.4,False,22.1,2.31,20.78,28.86,
2026-10-05 09:35:00,22.4,41.6,778.2,False,22.25,2.28,20.78,28.86,
2026-10-05 09:36:00,22.64,40.2,833.4,False,21.63,0.67,20.78,22.64,
2026-10-05 09:37:00,22.87,40.2,885.5,False,21.83,0.7,20.81,22.87,
2026-10-05 09:38:00,23.2,39.8,934.1,False,22.07,0.72,20.81,23.2,
2026-10-05 09:39:00,23.22,40.6,951.8,False,22.31,0.66,21.17,23.22,
2026-10-05 09:40:00,23.33,41.4,980.0,False,22.53,0.6,21.53,23.33,
2026-10-05 09:41:00,23.24,39.2,1001.5,False,22.7,0.53,21.71,23.33,HIGH_CO2
2026-10-05 09:42:00,23.33,38.7,1030.5,False,22.86,0.45,22.07,23.33,HIGH_CO2
2026-10-05 09:43:00,23.5,39.7,1042.6,False,23.0,0.4,22.31,23.5,HIGH_CO2
2026-10-05 09:44:00,31.73,39.3,1056.8,False,23.95,2.62,22.4,31.73,"HIGH_TEMP, HIGH_CO2, SPIKE"
2026-10-05 09:45:00,23.83,40.1,1060.3,False,24.09,2.57,22.64,31.73,HIGH_CO2
2026-10-05 09:46:00,24.08,39.7,1065.7,False,24.23,2.52,22.87,31.73,HIGH_CO2
2026-10-05 09:47:00,24.16,39.3,1091.2,False,24.36,2.48,23.2,31.73,HIGH_CO2
2026-10-05 09:48:00,24.17,39.5,1091.5,False,24.46,2.45,23.22,31.73,HIGH_CO2
2026-10-05 09:49:00,24.2,38.5,1084.7,False,24.56,2.42,23.24,31.73,HIGH_CO2
2026-10-05 09:50:00,24.12,42.9,1114.6,False,24.64,2.39,23.24,31.73,HIGH_CO2
2026-10-05 09:51:00,24.19,39.0,1140.5,False,24.73,2.35,23.33,31.73,HIGH_CO2
2026-10-05 09:52:00,24.19,39.9,1142.7,True,24.82,2.31,23.5,31.73,"HIGH_CO2, MISSING_VALUE"
2026-10-05 09:53:00,24.26,39.4,1150.7,False,24.89,2.28,23.83,31.73,HIGH_CO2
2026-10-05 09:54:00,24.3,40.1,1159.2,False,24.15,0.12,23.83,24.3,HIGH_CO2
2026-10-05 09:55:00,24.35,42.1,1162.3,False,24.2,0.08,24.08,24.35,HIGH_CO2
2026-10-05 09:56:00,24.29,41.2,1154.9,False,24.22,0.07,24.12,24.35,HIGH_CO2
2026-10-05 09:57:00,24.14,40.5,1168.7,False,24.22,0.07,24.12,24.35,HIGH_CO2
2026-10-05 09:58:00,24.2,39.7,1172.4,False,24.22,0.07,24.12,24.35,HIGH_CO2
2026-10-05 09:59:00,24.25,37.4,1189.8,False,24.23,0.07,24.12,24.35,HIGH_CO2
2026-10-05 10:00:00,24.3,38.2,1187.1,False,24.25,0.06,24.14,24.35,HIGH_CO2
2026-10-05 10:01:00,24.17,39.7,1197.1,False,24.25,0.06,24.14,24.35,HIGH_CO2
2026-10-05 10:02:00,24.17,40.6,1210.4,False,24.24,0.07,24.14,24.35,HIGH_CO2
2026-10-05 10:03:00,24.24,40.4,1226.8,False,24.24,0.07,24.14,24.35,HIGH_CO2
2026-10-05 10:04:00,24.28,41.0,1217.1,False,24.24,0.06,24.14,24.35,HIGH_CO2
2026-10-05 10:05:00,24.28,40.8,1227.1,False,24.23,0.05,24.14,24.3,HIGH_CO2
2026-10-05 10:06:00,24.14,38.8,1223.7,False,24.22,0.06,24.14,24.3,HIGH_CO2
2026-10-05 10:07:00,24.24,39.0,1214.4,False,24.23,0.05,24.14,24.3,HIGH_CO2
2026-10-05 10:08:00,24.2,41.2,1216.0,False,24.23,0.05,24.14,24.3,HIGH_CO2
2026-10-05 10:09:00,24.26,40.4,1215.2,False,24.23,0.05,24.14,24.3,HIGH_CO2
2026-10-05 10:10:00,24.23,38.4,1219.6,False,24.22,0.05,24.14,24.28,HIGH_CO2
2026-10-05 10:11:00,24.34,40.8,1211.9,False,24.24,0.05,24.14,24.34,HIGH_CO2
2026-10-05 10:12:00,24.38,39.1,1213.4,False,24.26,0.06,24.14,24.38,HIGH_CO2
2026-10-05 10:13:00,24.43,38.9,1222.1,False,24.28,0.08,24.14,24.43,HIGH_CO2
2026-10-05 10:14:00,24.36,40.2,1211.6,False,24.29,0.09,24.14,24.43,HIGH_CO2
2026-10-05 10:15:00,24.51,40.8,1219.0,False,24.31,0.11,24.14,24.51,HIGH_CO2
2026-10-05 10:16:00,24.51,41.6,1197.1,True,24.35,0.11,24.2,24.51,"HIGH_CO2, MISSING_VALUE"
2026-10-05 10:17:00,24.62,38.7,1181.4,False,24.38,0.13,24.2,24.62,HIGH_CO2
2026-10-05 10:18:00,24.65,40.3,1188.5,False,24.43,0.13,24.23,24.65,HIGH_CO2
2026-10-05 10:19:00,24.64,40.5,1184.9,False,24.47,0.14,24.23,24.65,HIGH_CO2
2026-10-05 10:20:00,24.64,40.8,1187.8,True,24.51,0.12,24.34,24.65,"HIGH_CO2, MISSING_VALUE"
2026-10-05 10:21:00,24.48,40.2,1187.2,False,24.52,0.11,24.36,24.65,HIGH_CO2
2026-10-05 10:22:00,24.54,39.9,1185.8,False,24.54,0.09,24.36,24.65,HIGH_CO2
2026-10-05 10:23:00,24.4,37.7,1172.4,False,24.54,0.1,24.36,24.65,HIGH_CO2
2026-10-05 10:24:00,24.39,41.1,1177.2,False,24.54,0.09,24.39,24.65,HIGH_CO2
2026-10-05 10:25:00,24.32,40.1,1193.0,False,24.52,0.11,24.32,24.65,HIGH_CO2
2026-10-05 10:26:00,24.19,39.6,1184.8,False,24.49,0.15,24.19,24.65,HIGH_CO2
2026-10-05 10:27:00,24.08,39.0,1190.3,False,24.43,0.19,24.08,24.65,HIGH_CO2
2026-10-05 10:28:00,23.94,39.4,1200.5,False,24.36,0.22,23.94,24.64,HIGH_CO2
2026-10-05 10:29:00,23.93,39.8,1204.7,False,24.29,0.23,23.93,24.64,HIGH_CO2
2026-10-05 10:30:00,24.12,38.5,1200.8,False,24.24,0.21,23.93,24.54,HIGH_CO2
2026-10-05 10:31:00,24.27,39.9,1204.6,False,24.22,0.19,23.93,24.54,HIGH_CO2
2026-10-05 10:32:00,24.5,40.2,1204.8,False,24.21,0.19,23.93,24.5,HIGH_CO2
2026-10-05 10:33:00,24.53,40.3,1204.1,False,24.23,0.2,23.93,24.53,HIGH_CO2
2026-10-05 10:34:00,24.32,39.5,1192.5,False,24.22,0.2,23.93,24.53,HIGH_CO2
2026-10-05 10:35:00,24.45,40.3,1183.6,False,24.23,0.21,23.93,24.53,HIGH_CO2
2026-10-05 10:36:00,24.48,39.7,1191.5,False,24.26,0.22,23.93,24.53,HIGH_CO2
2026-10-05 10:37:00,24.48,40.2,1218.3,False,24.3,0.22,23.93,24.53,HIGH_CO2
2026-10-05 10:38:00,24.54,39.8,1215.9,False,24.36,0.19,23.93,24.54,HIGH_CO2
2026-10-05 10:39:00,24.45,41.1,1221.0,False,24.41,0.13,24.12,24.54,HIGH_CO2
2026-10-05 10:40:00,24.45,40.9,1215.8,True,24.45,0.08,24.27,24.54,"HIGH_CO2, MISSING_VALUE"
2026-10-05 10:41:00,24.3,41.4,1199.2,False,24.45,0.08,24.3,24.54,HIGH_CO2
2026-10-05 10:42:00,24.17,39.5,1169.7,False,24.42,0.11,24.17,24.54,HIGH_CO2
2026-10-05 10:43:00,24.15,38.4,1177.4,False,24.38,0.13,24.15,24.54,HIGH_CO2
2026-10-05 10:44:00,24.17,40.3,1187.5,False,24.36,0.14,24.15,24.54,HIGH_CO2
2026-10-05 10:45:00,24.3,39.0,1205.1,False,24.35,0.14,24.15,24.54,HIGH_CO2
2026-10-05 10:46:00,24.3,39.6,1218.6,False,24.33,0.13,24.15,24.54,HIGH_CO2
2026-10-05 10:47:00,24.34,39.6,1232.4,False,24.32,0.13,24.15,24.54,HIGH_CO2
2026-10-05 10:48:00,24.4,40.6,1213.5,False,24.3,0.11,24.15,24.45,HIGH_CO2
2026-10-05 10:49:00,24.17,38.3,1204.3,False,24.28,0.1,24.15,24.45,HIGH_CO2
2026-10-05 10:50:00,24.19,39.8,1201.3,False,24.25,0.08,24.15,24.4,HIGH_CO2
2026-10-05 10:51:00,24.29,40.4,1207.8,False,24.25,0.08,24.15,24.4,HIGH_CO2
2026-10-05 10:52:00,24.52,39.7,1206.2,False,24.28,0.11,24.15,24.52,HIGH_CO2
2026-10-05 10:53:00,24.39,39.9,1196.7,False,24.31,0.11,24.17,24.52,HIGH_CO2
2026-10-05 10:54:00,32.32,40.7,1206.0,False,25.12,2.4,24.17,32.32,"HIGH_TEMP, HIGH_CO2, SPIKE"
2026-10-05 10:55:00,32.4,38.6,1207.3,False,25.93,3.22,24.17,32.4,"HIGH_TEMP, HIGH_CO2, SPIKE"
2026-10-05 10:56:00,24.32,38.5,1208.4,False,25.93,3.21,24.17,32.4,HIGH_CO2
2026-10-05 10:57:00,24.31,37.6,1211.2,False,25.93,3.22,24.17,32.4,HIGH_CO2
2026-10-05 10:58:00,24.22,42.0,1217.3,False,25.91,3.22,24.17,32.4,HIGH_CO2
2026-10-05 10:59:00,24.27,38.8,1231.6,False,25.92,3.22,24.19,32.4,HIGH_CO2
2026-10-05 11:00:00,23.78,39.6,1140.7,False,25.88,3.24,23.78,32.4,HIGH_CO2
2026-10-05 11:01:00,23.53,40.5,1053.8,False,25.81,3.29,23.53,32.4,HIGH_CO2
2026-10-05 11:02:00,23.21,40.5,987.1,False,25.68,3.36,23.21,32.4,
2026-10-05 11:03:00,22.82,39.0,938.8,False,25.52,3.45,22.82,32.4,
2026-10-05 11:04:00,22.68,38.7,881.8,False,24.55,2.68,22.68,32.4,
2026-10-05 11:05:00,30.45,39.6,853.2,False,24.36,2.11,22.68,30.45,"HIGH_TEMP, SPIKE"
2026-10-05 11:06:00,22.25,39.5,817.6,False,24.15,2.21,22.25,30.45,
2026-10-05 11:07:00,22.02,41.6,756.7,False,23.92,2.3,22.02,30.45,
2026-10-05 11:08:00,21.72,39.7,722.9,False,23.67,2.38,21.72,30.45,
2026-10-05 11:09:00,21.71,38.5,700.9,False,23.42,2.44,21.71,30.45,
2026-10-05 11:10:00,21.65,39.9,672.4,False,23.2,2.49,21.65,30.45,
2026-10-05 11:11:00,21.46,40.2,632.8,False,23.0,2.54,21.46,30.45,
2026-10-05 11:12:00,21.46,38.9,631.2,True,22.82,2.58,21.46,30.45,MISSING_VALUE
2026-10-05 11:13:00,21.27,41.2,614.9,False,22.67,2.62,21.27,30.45,
2026-10-05 11:14:00,21.24,39.7,589.4,False,22.52,2.66,21.24,30.45,
2026-10-05 11:15:00,21.06,39.5,580.3,False,21.58,0.35,21.06,22.25,
2026-10-05 11:16:00,21.08,38.7,560.1,False,21.47,0.29,21.06,22.02,
2026-10-05 11:17:00,21.31,40.4,553.3,False,21.4,0.23,21.06,21.72,
2026-10-05 11:18:00,21.34,39.5,555.5,False,21.36,0.21,21.06,21.71,
2026-10-05 11:19:00,21.26,40.8,540.1,False,21.31,0.17,21.06,21.65,
2026-10-05 11:20:00,21.19,39.8,534.3,False,21.27,0.13,21.06,21.46,
2026-10-05 11:21:00,21.09,37.7,518.0,False,21.23,0.12,21.06,21.46,
2026-10-05 11:22:00,21.06,39.8,522.3,False,21.19,0.1,21.06,21.34,
2026-10-05 11:23:00,21.16,39.1,505.3,False,21.18,0.1,21.06,21.34,
2026-10-05 11:24:00,21.16,40.7,499.7,True,21.17,0.1,21.06,21.34,MISSING_VALUE
2026-10-05 11:25:00,21.17,38.4,482.6,False,21.18,0.09,21.06,21.34,
2026-10-05 11:26:00,21.05,41.1,478.3,False,21.18,0.09,21.05,21.34,
2026-10-05 11:27:00,20.95,40.3,490.1,False,21.14,0.11,20.95,21.34,
2026-10-05 11:28:00,20.84,40.1,490.6,False,21.09,0.12,20.84,21.26,
2026-10-05 11:29:00,20.89,40.8,488.1,False,21.06,0.12,20.84,21.19,
2026-10-05 11:30:00,20.67,41.2,494.3,False,21.0,0.16,20.67,21.17,
2026-10-05 11:31:00,20.72,41.8,499.2,False,20.97,0.17,20.67,21.17,
2026-10-05 11:32:00,20.66,39.7,494.4,False,20.93,0.19,20.66,21.17,
2026-10-05 11:33:00,20.87,39.1,501.3,False,20.9,0.18,20.66,21.17,
2026-10-05 11:34:00,20.93,40.6,508.7,False,20.88,0.15,20.66,21.17,
2026-10-05 11:35:00,20.97,40.1,485.0,False,20.86,0.13,20.66,21.05,
2026-10-05 11:36:00,21.14,41.4,498.8,False,20.86,0.14,20.66,21.14,
2026-10-05 11:37:00,21.13,38.9,495.9,False,20.88,0.16,20.66,21.14,
2026-10-05 11:38:00,20.98,39.9,490.8,False,20.9,0.16,20.66,21.14,
2026-10-05 11:39:00,20.99,40.0,489.2,False,20.91,0.17,20.66,21.14,
2026-10-05 11:40:00,20.97,38.7,477.8,False,20.94,0.15,20.66,21.14,
2026-10-05 11:41:00,20.8,41.0,473.8,False,20.94,0.14,20.66,21.14,
2026-10-05 11:42:00,20.82,38.9,463.0,False,20.96,0.11,20.8,21.14,
2026-10-05 11:43:00,20.97,39.9,472.7,False,20.97,0.1,20.8,21.14,
2026-10-05 11:44:00,20.99,39.4,468.4,False,20.98,0.1,20.8,21.14,
2026-10-05 11:45:00,20.93,39.6,469.7,False,20.97,0.1,20.8,21.14,
2026-10-05 11:46:00,20.82,41.4,462.9,False,20.94,0.1,20.8,21.13,
2026-10-05 11:47:00,20.72,38.1,440.4,False,20.9,0.09,20.72,20.99,
2026-10-05 11:48:00,20.74,37.3,453.5,False,20.88,0.1,20.72,20.99,
2026-10-05 11:49:00,20.65,39.2,449.4,False,20.84,0.11,20.65,20.99,
2026-10-05 11:50:00,20.83,39.7,467.8,False,20.83,0.1,20.65,20.99,
2026-10-05 11:51:00,21.02,40.1,465.1,False,20.85,0.12,20.65,21.02,
2026-10-05 11:52:00,21.11,41.0,456.5,False,20.88,0.14,20.65,21.11,
2026-10-05 11:53:00,21.19,40.3,456.2,False,20.9,0.17,20.65,21.19,
2026-10-05 11:54:00,21.21,40.7,436.2,False,20.92,0.19,20.65,21.21,
2026-10-05 11:55:00,21.18,39.3,438.4,False,20.95,0.21,20.65,21.21,
2026-10-05 11:56:00,21.12,40.0,433.7,False,20.98,0.21,20.65,21.21,
2026-10-05 11:57:00,21.18,38.1,436.0,False,21.02,0.2,20.65,21.21,
2026-10-05 11:58:00,21.14,40.0,436.3,False,21.06,0.17,20.65,21.21,
2026-10-05 11:59:00,21.02,38.9,426.0,False,21.1,0.11,20.83,21.21,
2026-10-05 12:00:00,20.97,38.3,403.4,False,21.11,0.08,20.97,21.21,
2026-10-05 12:01:00,20.94,39.7,408.4,False,21.11,0.09,20.94,21.21,
2026-10-05 12:02:00,20.86,38.5,417.4,False,21.08,0.12,20.86,21.21,
2026-10-05 12:03:00,20.86,39.4,436.5,False,21.05,0.13,20.86,21.21,
2026-10-05 12:04:00,20.74,38.9,438.6,False,21.0,0.15,20.74,21.18,
2026-10-05 12:05:00,20.82,41.0,433.5,False,20.96,0.14,20.74,21.18,
2026-10-05 12:06:00,20.74,41.4,440.4,False,20.93,0.15,20.74,21.18,
2026-10-05 12:07:00,20.68,39.4,442.6,False,20.88,0.14,20.68,21.14,
2026-10-05 12:08:00,20.7,39.8,447.5,False,20.83,0.11,20.68,21.02,
2026-10-05 12:09:00,20.77,41.6,459.4,False,20.81,0.09,20.68,20.97,
2026-10-05 12:10:00,20.68,40.9,457.6,False,20.78,0.08,20.68,20.94,
2026-10-05 12:11:00,20.8,41.2,461.7,False,20.77,0.07,20.68,20.86,
2026-10-05 12:12:00,20.85,40.4,431.2,False,20.76,0.06,20.68,20.86,
2026-10-05 12:13:00,20.91,38.8,437.9,False,20.77,0.07,20.68,20.91,
2026-10-05 12:14:00,20.87,40.0,461.5,False,20.78,0.08,20.68,20.91,
2026-10-05 12:15:00,28.9,39.9,450.3,False,21.59,2.44,20.68,28.9,"HIGH_TEMP, SPIKE"
2026-10-05 12:16:00,20.88,40.9,442.9,False,21.6,2.43,20.68,28.9,
2026-10-05 12:17:00,20.89,40.6,445.8,False,21.62,2.43,20.68,28.9,
2026-10-05 12:18:00,21.01,38.6,442.1,False,21.66,2.42,20.68,28.9,
2026-10-05 12:19:00,20.85,40.7,445.2,False,21.66,2.41,20.68,28.9,
2026-10-05 12:20:00,20.73,39.7,449.0,False,21.67,2.41,20.73,28.9,
2026-10-05 12:21:00,20.9,41.3,467.0,False,21.68,2.41,20.73,28.9,
2026-10-05 12:22:00,20.99,40.1,466.5,False,21.69,2.4,20.73,28.9,
2026-10-05 12:23:00,20.92,40.6,460.7,False,21.69,2.4,20.73,28.9,
2026-10-05 12:24:00,28.99,40.8,455.9,False,22.51,3.22,20.73,28.99,"HIGH_TEMP, SPIKE"
2026-10-05 12:25:00,21.14,38.3,450.3,False,21.73,2.42,20.73,28.99,
2026-10-05 12:26:00,21.13,39.7,447.6,False,21.76,2.41,20.73,28.99,
2026-10-05 12:27:00,21.15,40.6,451.9,False,21.78,2.41,20.73,28.99,
2026-10-05 12:28:00,20.92,40.0,452.1,False,21.77,2.41,20.73,28.99,
2026-10-05 12:29:00,20.94,40.5,446.9,False,21.78,2.41,20.73,28.99,
2026-10-05 12:30:00,21.05,40.8,441.6,False,21.81,2.39,20.9,28.99,
2026-10-05 12:31:00,21.14,40.1,449.4,False,21.84,2.39,20.92,28.99,
2026-10-05 12:32:00,21.07,39.0,454.9,False,21.84,2.38,20.92,28.99,
2026-10-05 12:33:00,21.05,42.4,455.5,False,21.86,2.38,20.92,28.99,
2026-10-05 12:34:00,21.06,40.1,459.1,False,21.07,0.08,20.92,21.15,
2026-10-05 12:35:00,21.06,41.1,453.6,True,21.06,0.07,20.92,21.15,MISSING_VALUE
2026-10-05 12:36:00,21.07,41.4,457.8,False,21.05,0.07,20.92,21.15,
2026-10-05 12:37:00,20.95,38.4,454.7,False,21.03,0.07,20.92,21.14,
2026-10-05 12:38:00,21.09,39.4,482.3,False,21.05,0.06,20.94,21.14,
2026-10-05 12:39:00,21.06,40.1,483.4,False,21.06,0.04,20.95,21.14,
2026-10-05 12:40:00,20.92,40.7,464.7,False,21.05,0.06,20.92,21.14,
2026-10-05 12:41:00,20.93,40.2,471.1,False,21.03,0.06,20.92,21.09,
2026-10-05 12:42:00,20.93,40.5,484.8,False,21.01,0.07,20.92,21.09,
2026-10-05 12:43:00,21.05,40.6,487.5,False,21.01,0.07,20.92,21.09,
2026-10-05 12:44:00,21.11,39.2,470.2,False,21.02,0.07,20.92,21.11,
2026-10-05 12:45:00,21.25,38.8,465.4,False,21.04,0.1,20.92,21.25,
2026-10-05 12:46:00,21.23,39.6,475.2,False,21.05,0.12,20.92,21.25,
2026-10-05 12:47:00,21.25,39.3,472.7,False,21.08,0.12,20.92,21.25,
2026-10-05 12:48:00,21.2,39.9,488.2,False,21.09,0.13,20.92,21.25,
2026-10-05 12:49:00,21.09,39.3,481.7,False,21.1,0.13,20.92,21.25,
2026-10-05 12:50:00,21.21,40.0,479.2,False,21.12,0.12,20.93,21.25,
2026-10-05 12:51:00,21.36,38.0,453.1,False,21.17,0.12,20.93,21.36,
2026-10-05 12:52:00,21.4,39.6,457.5,False,21.22,0.11,21.05,21.4,
2026-10-05 12:53:00,21.37,40.3,466.4,False,21.25,0.1,21.09,21.4,
2026-10-05 12:54:00,21.35,41.5,464.7,False,21.27,0.09,21.09,21.4,
2026-10-05 12:55:00,21.19,39.7,459.6,False,21.26,0.1,21.09,21.4,
2026-10-05 12:56:00,29.09,41.8,483.2,False,22.05,2.35,21.09,29.09,"HIGH_TEMP, SPIKE"
2026-10-05 12:57:00,20.97,39.9,460.8,False,22.02,2.36,20.97,29.09,
2026-10-05 12:58:00,20.81,40.1,452.1,False,21.98,2.38,20.81,29.09,
2026-10-05 12:59:00,20.81,39.2,460.5,True,21.96,2.39,20.81,29.09,MISSING_VALUE
2026-10-05 13:00:00,20.59,40.4,456.3,False,21.89,2.41,20.59,29.09,
2026-10-05 13:01:00,20.78,39.7,465.7,False,21.84,2.43,20.59,29.09,
2026-10-05 13:02:00,21.0,39.1,451.9,False,21.8,2.44,20.59,29.09,
2026-10-05 13:03:00,20.87,40.4,446.8,False,21.75,2.46,20.59,29.09,
2026-10-05 13:04:00,20.81,39.1,440.0,False,21.69,2.47,20.59,29.09,
2026-10-05 13:05:00,20.92,39.8,436.1,False,21.67,2.48,20.59,29.09,
2026-10-05 13:06:00,20.79,37.8,419.4,False,20.84,0.11,20.59,21.0,
2026-10-05 13:07:00,20.81,40.4,435.4,False,20.82,0.1,20.59,21.0,
2026-10-05 13:08:00,20.88,39.4,444.1,False,20.83,0.1,20.59,21.0,
2026-10-05 13:09:00,20.84,38.8,433.5,False,20.83,0.1,20.59,21.0,
2026-10-05 13:10:00,20.86,39.2,438.4,False,20.86,0.06,20.78,21.0,
2026-10-05 13:11:00,20.94,41.3,455.1,False,20.87,0.06,20.79,21.0,
2026-10-05 13:12:00,20.89,40.1,465.0,False,20.86,0.05,20.79,20.94,
2026-10-05 13:13:00,20.88,41.0,447.9,False,20.86,0.05,20.79,20.94,
2026-10-05 13:14:00,20.93,39.4,440.9,False,20.87,0.05,20.79,20.94,
2026-10-05 13:15:00,21.11,41.0,437.0,False,20.89,0.09,20.79,21.11,
2026-10-05 13:16:00,21.05,39.9,437.8,False,20.92,0.09,20.81,21.11,
2026-10-05 13:17:00,21.11,41.5,444.9,False,20.95,0.1,20.84,21.11,
2026-10-05 13:18:00,21.14,40.0,439.2,False,20.98,0.11,20.84,21.14,
2026-10-05 13:19:00,21.16,41.2,438.1,False,21.01,0.11,20.86,21.16,
2026-10-05 13:20:00,21.22,40.3,439.9,False,21.04,0.12,20.88,21.22,
2026-10-05 13:21:00,21.4,40.2,449.1,False,21.09,0.15,20.88,21.4,
2026-10-05 13:22:00,21.15,40.8,451.8,False,21.12,0.14,20.88,21.4,
2026-10-05 13:23:00,21.02,40.1,442.0,False,21.13,0.12,20.93,21.4,
2026-10-05 13:24:00,21.08,39.7,450.3,False,21.14,0.1,21.02,21.4,
2026-10-05 13:25:00,21.19,39.7,422.5,False,21.15,0.1,21.02,21.4,
2026-10-05 13:26:00,21.19,40.6,429.3,True,21.17,0.1,21.02,21.4,MISSING_VALUE
2026-10-05 13:27:00,21.13,41.2,416.5,False,21.17,0.09,21.02,21.4,
2026-10-05 13:28:00,21.12,40.2,404.2,False,21.17,0.1,21.02,21.4,
2026-10-05 13:29:00,20.95,40.7,407.6,False,21.14,0.12,20.95,21.4,
2026-10-05 13:30:00,21.04,40.4,414.5,False,21.13,0.12,20.95,21.4,
2026-10-05 13:31:00,21.1,39.8,445.2,False,21.1,0.07,20.95,21.19,
2026-10-05 13:32:00,21.14,39.0,440.4,False,21.1,0.07,20.95,21.19,
2026-10-05 13:33:00,21.05,39.9,450.5,False,21.1,0.07,20.95,21.19,
2026-10-05 13:34:00,20.91,41.9,454.0,False,21.08,0.09,20.91,21.19,
2026-10-05 13:35:00,20.87,39.7,449.5,False,21.05,0.1,20.87,21.19,
2026-10-05 13:36:00,20.71,39.6,458.2,False,21.0,0.13,20.71,21.14,
2026-10-05 13:37:00,20.87,41.0,469.8,False,20.98,0.13,20.71,21.14,
2026-10-05 13:38:00,20.93,40.0,451.8,False,20.96,0.12,20.71,21.14,
2026-10-05 13:39:00,20.95,41.5,454.5,False,20.96,0.12,20.71,21.14,
2026-10-05 13:40:00,20.92,38.2,452.4,False,20.94,0.12,20.71,21.14,
2026-10-05 13:41:00,20.82,39.1,455.5,False,20.92,0.11,20.71,21.14,
2026-10-05 13:42:00,20.79,38.1,459.6,False,20.88,0.09,20.71,21.05,
2026-10-05 13:43:00,20.79,38.6,464.4,False,20.86,0.07,20.71,20.95,
2026-10-05 13:44:00,20.79,39.4,458.0,False,20.84,0.07,20.71,20.95,
2026-10-05 13:45:00,20.88,40.5,457.1,False,20.84,0.07,20.71,20.95,
2026-10-05 13:46:00,20.73,41.4,469.0,False,20.85,0.07,20.73,20.95,
2026-10-05 13:47:00,20.86,40.0,476.8,False,20.85,0.07,20.73,20.95,
2026-10-05 13:48:00,20.91,40.2,488.2,False,20.84,0.07,20.73,20.95,
2026-10-05 13:49:00,21.01,40.7,490.9,False,20.85,0.08,20.73,21.01,
2026-10-05 13:50:00,20.92,40.2,470.5,False,20.85,0.08,20.73,21.01,
2026-10-05 13:51:00,20.64,41.1,455.9,False,20.83,0.1,20.64,21.01,
2026-10-05 13:52:00,20.53,39.9,469.7,False,20.81,0.14,20.53,21.01,
2026-10-05 13:53:00,20.73,39.4,464.7,False,20.8,0.14,20.53,21.01,
2026-10-05 13:54:00,20.75,41.5,459.3,False,20.8,0.14,20.53,21.01,
2026-10-05 13:55:00,20.78,40.4,476.2,False,20.79,0.14,20.53,21.01,
2026-10-05 13:56:00,20.72,41.0,478.2,False,20.79,0.14,20.53,21.01,
2026-10-05 13:57:00,20.61,38.2,461.1,False,20.76,0.14,20.53,21.01,
2026-10-05 13:58:00,20.65,39.8,437.4,False,20.73,0.14,20.53,21.01,
2026-10-05 13:59:00,20.54,41.7,434.7,False,20.69,0.11,20.53,20.92,
2026-10-05 14:00:00,20.6,40.8,439.6,False,20.65,0.08,20.53,20.78,
2026-10-05 14:01:00,20.5,40.2,443.9,False,20.64,0.1,20.5,20.78,
2026-10-05 14:02:00,20.49,39.6,433.8,False,20.64,0.1,20.49,20.78,
2026-10-05 14:03:00,20.42,38.8,442.5,False,20.61,0.11,20.42,20.78,
2026-10-05 14:04:00,20.61,39.8,446.6,False,20.59,0.1,20.42,20.78,
2026-10-05 14:05:00,20.65,40.1,466.9,False,20.58,0.09,20.42,20.72,
2026-10-05 14:06:00,20.77,38.3,445.2,False,20.58,0.09,20.42,20.77,
2026-10-05 14:07:00,20.93,38.1,442.6,False,20.62,0.14,20.42,20.93,
2026-10-05 14:08:00,20.91,39.6,441.4,False,20.64,0.17,20.42,20.93,
2026-10-05 14:09:00,20.9,40.6,420.9,False,20.68,0.18,20.42,20.93,
2026-10-05 14:10:00,21.01,42.0,412.2,False,20.72,0.2,20.42,21.01,
2026-10-05 14:11:00,20.84,41.5,406.7,False,20.75,0.19,20.42,21.01,
2026-10-05 14:12:00,20.88,41.4,409.9,False,20.79,0.17,20.42,21.01,
2026-10-05 14:13:00,20.81,40.4,419.5,False,20.83,0.12,20.61,21.01,
2026-10-05 14:14:00,20.77,38.6,418.9,False,20.85,0.1,20.65,21.01,
2026-10-05 14:15:00,20.87,39.9,430.1,False,20.87,0.07,20.77,21.01,
2026-10-05 14:16:00,20.8,39.1,420.6,False,20.87,0.07,20.77,21.01,
2026-10-05 14:17:00,20.84,38.4,430.8,False,20.86,0.06,20.77,21.01,
2026-10-05 14:18:00,20.84,38.5,432.6,True,20.86,0.06,20.77,21.01,MISSING_VALUE
2026-10-05 14:19:00,21.0,40.3,412.2,False,20.87,0.08,20.77,21.01,
2026-10-05 14:20:00,21.06,39.9,409.0,False,20.87,0.09,20.77,21.06,
2026-10-05 14:21:00,21.15,39.5,403.2,False,20.9,0.12,20.77,21.15,
2026-10-05 14:22:00,21.11,40.4,400.6,False,20.92,0.13,20.77,21.15,
2026-10-05 14:23:00,21.13,38.9,421.3,False,20.96,0.14,20.77,21.15,
2026-10-05 14:24:00,21.24,39.7,410.0,False,21.0,0.15,20.8,21.24,
2026-10-05 14:25:00,21.24,39.6,411.8,False,21.04,0.16,20.8,21.24,
2026-10-05 14:26:00,21.21,39.3,416.4,False,21.08,0.14,20.84,21.24,
2026-10-05 14:27:00,21.01,39.2,423.0,False,21.1,0.12,20.84,21.24,
2026-10-05 14:28:00,21.08,40.2,437.5,False,21.12,0.08,21.0,21.24,
2026-10-05 14:29:00,21.24,41.1,442.5,False,21.15,0.08,21.01,21.24,
2026-10-05 14:30:00,21.23,40.3,443.0,False,21.16,0.08,21.01,21.24,
2026-10-05 14:31:00,21.3,39.8,443.8,False,21.18,0.09,21.01,21.3,
2026-10-05 14:32:00,21.03,38.5,450.9,False,21.17,0.1,21.01,21.3,
2026-10-05 14:33:00,21.14,39.3,449.0,False,21.17,0.1,21.01,21.3,
2026-10-05 14:34:00,21.18,39.8,445.3,False,21.17,0.09,21.01,21.3,
2026-10-05 14:35:00,20.99,40.1,453.3,False,21.14,0.1,20.99,21.3,
2026-10-05 14:36:00,20.98,41.2,470.9,False,21.12,0.11,20.98,21.3,
2026-10-05 14:37:00,20.98,39.3,471.7,False,21.12,0.11,20.98,21.3,
2026-10-05 14:38:00,21.0,39.8,474.0,False,21.11,0.12,20.98,21.3,
2026-10-05 14:39:00,21.03,39.7,464.3,False,21.09,0.11,20.98,21.3,
2026-10-05 14:40:00,20.98,39.4,475.2,False,21.06,0.1,20.98,21.3,
2026-10-05 14:41:00,21.0,40.9,471.3,False,21.03,0.07,20.98,21.18,
2026-10-05 14:42:00,20.99,39.5,455.3,False,21.03,0.07,20.98,21.18,
2026-10-05 14:43:00,28.94,38.3,478.5,False,21.81,2.38,20.98,28.94,"HIGH_TEMP, SPIKE"
2026-10-05 14:44:00,20.9,37.7,477.1,False,21.78,2.39,20.9,28.94,
2026-10-05 14:45:00,20.86,41.0,477.0,False,21.77,2.39,20.86,28.94,
2026-10-05 14:46:00,20.65,39.9,480.7,False,21.73,2.4,20.65,28.94,
2026-10-05 14:47:00,20.63,40.6,472.3,False,21.7,2.42,20.63,28.94,
2026-10-05 14:48:00,20.52,41.9,463.5,False,21.65,2.44,20.52,28.94,
2026-10-05 14:49:00,20.48,40.1,456.8,False,21.6,2.46,20.48,28.94,
2026-10-05 14:50:00,20.53,38.6,454.0,False,21.55,2.47,20.48,28.94,
2026-10-05 14:51:00,20.44,39.2,451.7,False,21.49,2.49,20.44,28.94,
2026-10-05 14:52:00,20.64,38.7,456.6,False,21.46,2.5,20.44,28.94,
2026-10-05 14:53:00,20.62,39.5,459.1,False,20.63,0.14,20.44,20.9,
2026-10-05 14:54:00,20.6,39.4,451.6,False,20.6,0.11,20.44,20.86,
2026-10-05 14:55:00,20.81,39.0,474.1,False,20.59,0.1,20.44,20.81,
2026-10-05 14:56:00,20.75,38.9,465.4,False,20.6,0.11,20.44,20.81,
2026-10-05 14:57:00,20.65,39.1,472.3,False,20.6,0.11,20.44,20.81,
2026-10-05 14:58:00,20.66,40.1,465.5,False,20.62,0.11,20.44,20.81,
2026-10-05 14:59:00,20.8,38.7,467.0,False,20.65,0.11,20.44,20.81,
